{"IsSoundOn":true,"VolumeSound":0.931562602519989,"IsMusicOn":true,"VolumeMusic":0.7703879475593567,"IsEffecsOn":true,"VolumeEffects":0.5572242736816406}