{"IsSoundOn":true,"VolumeSound":0.931562602519989,"IsMusicOn":true,"VolumeMusic":0.2692515552043915,"IsEffecsOn":true,"VolumeEffects":0.6879421472549439}