{"IsSoundOn":true,"VolumeSound":1.0,"IsMusicOn":true,"VolumeMusic":0.5194188356399536,"IsEffecsOn":true,"VolumeEffects":0.6789230704307556}